{
    "Bed|4|0": {
        "cornerPoints": [
            [
                7.158999919891357,
                -5.960464477539063e-08,
                4.16568660736084
            ],
            [
                5.925832271575928,
                -5.960464477539063e-08,
                4.16568660736084
            ],
            [
                5.925832271575928,
                -5.960464477539063e-08,
                1.8209998607635498
            ],
            [
                7.158999919891357,
                -5.960464477539063e-08,
                1.8209998607635498
            ],
            [
                7.158999919891357,
                1.0309252738952637,
                4.16568660736084
            ],
            [
                5.925832271575928,
                1.0309252738952637,
                4.16568660736084
            ],
            [
                5.925832271575928,
                1.0309252738952637,
                1.8209998607635498
            ],
            [
                7.158999919891357,
                1.0309252738952637,
                1.8209998607635498
            ]
        ]
    },
    "CounterTop|6|1": {
        "cornerPoints": [
            [
                0.6367420554161072,
                0.9374662637710571,
                8.954999923706055
            ],
            [
                0.6367420554161072,
                0.9374662637710571,
                8.34444808959961
            ],
            [
                0.6367420554161072,
                0.0,
                8.954999923706055
            ],
            [
                0.6367420554161072,
                0.0,
                8.34444808959961
            ],
            [
                0.02499997615814209,
                0.9374662637710571,
                8.954999923706055
            ],
            [
                0.02499997615814209,
                0.9374662637710571,
                8.34444808959961
            ],
            [
                0.02499997615814209,
                0.0,
                8.954999923706055
            ],
            [
                0.02499997615814209,
                0.0,
                8.34444808959961
            ]
        ]
    },
    "DiningTable|6|3|0": {
        "cornerPoints": [
            [
                0.6761952638626099,
                -1.1920928955078125e-06,
                7.3097004890441895
            ],
            [
                2.890261650085449,
                -1.1920928955078125e-06,
                7.309700012207031
            ],
            [
                2.890261650085449,
                -1.1920928955078125e-06,
                8.549602508544922
            ],
            [
                0.6761952638626099,
                -1.1920928955078125e-06,
                8.549602508544922
            ],
            [
                0.6761952638626099,
                0.7693562507629395,
                7.3097004890441895
            ],
            [
                2.890261650085449,
                0.7693562507629395,
                7.309700012207031
            ],
            [
                2.890261650085449,
                0.7693562507629395,
                8.549602508544922
            ],
            [
                0.6761952638626099,
                0.7693562507629395,
                8.549602508544922
            ]
        ]
    },
    "Dresser|4|1": {
        "cornerPoints": [
            [
                5.968393802642822,
                -6.139278411865234e-06,
                5.076250076293945
            ],
            [
                5.968393802642822,
                -6.139278411865234e-06,
                6.0546345710754395
            ],
            [
                5.41447114944458,
                -6.139278411865234e-06,
                6.054635047912598
            ],
            [
                5.41447114944458,
                -6.139278411865234e-06,
                5.0762505531311035
            ],
            [
                5.968393802642822,
                1.3048644065856934,
                5.076250076293945
            ],
            [
                5.968393802642822,
                1.3048644065856934,
                6.0546345710754395
            ],
            [
                5.41447114944458,
                1.3048644065856934,
                6.054635047912598
            ],
            [
                5.41447114944458,
                1.3048644065856934,
                5.0762505531311035
            ]
        ]
    },
    "TVStand|7|0|0___0": {
        "cornerPoints": [
            [
                5.339344501495361,
                0.44041115045547485,
                3.661935329437256
            ],
            [
                5.339344501495361,
                0.44041115045547485,
                2.7046995162963867
            ],
            [
                5.339344501495361,
                0.23681551218032837,
                3.661935329437256
            ],
            [
                5.339344501495361,
                0.23681551218032837,
                2.7046995162963867
            ],
            [
                4.728506565093994,
                0.44041115045547485,
                3.661935329437256
            ],
            [
                4.728506565093994,
                0.44041115045547485,
                2.7046995162963867
            ],
            [
                4.728506565093994,
                0.23681551218032837,
                3.661935329437256
            ],
            [
                4.728506565093994,
                0.23681551218032837,
                2.7046995162963867
            ]
        ]
    },
    "TVStand|4|4|0___0": {
        "cornerPoints": [
            [
                6.0474934577941895,
                0.44041115045547485,
                7.595730781555176
            ],
            [
                6.0474934577941895,
                0.44041115045547485,
                6.638495445251465
            ],
            [
                6.0474934577941895,
                0.23681551218032837,
                7.595730781555176
            ],
            [
                6.0474934577941895,
                0.23681551218032837,
                6.638495445251465
            ],
            [
                5.436655521392822,
                0.44041115045547485,
                7.595730781555176
            ],
            [
                5.436655521392822,
                0.44041115045547485,
                6.638495445251465
            ],
            [
                5.436655521392822,
                0.23681551218032837,
                7.595730781555176
            ],
            [
                5.436655521392822,
                0.23681551218032837,
                6.638495445251465
            ]
        ]
    },